"cluster_size","tmrca_date","mean_lag_estimate","ix","lag_lower_bound","lag_upper_bound"
1590,27,0.737228325116888,1,0,4
83,29,1.06739951187593,2,0,5
314,29,0.811125023850349,3,0,4
871,29,0.752239502128735,4,0,4
357,31,0.800033997770059,5,0,4
145,37,0.918447377740028,6,0,5
206,42,0.85940066186702,7,0,4
3,43,10.3568874472331,8,0,40
42,43,1.40746112379525,9,0,6
95,43,1.02339667428739,10,0,5
16,46,2.52613941422498,11,0,11
204,46,0.860776710372579,12,0,4
6,47,5.53796558076657,13,0,22
40,48,1.44188199427001,14,0,7
10,49,3.61039683417995,15,0,15
17,49,2.41983966717057,16,0,10
45,50,1.3615666298289,17,0,6
86,50,1.05524756544886,18,0,5
2,52,15.1758093136996,19,0,57
12,52,3.1285046475333,20,0,13
38,52,1.47992611426843,21,0,7
67,52,1.15058895607316,22,0,5
60,53,1.20093590094669,23,0,6
446,53,0.783872259588821,24,0,4
1865,53,0.734546948186789,25,0,4
9,54,3.93165829194439,26,0,16
40,54,1.44188199427001,27,0,7
11,55,3.34754655055451,28,0,14
16,55,2.52613941422498,29,0,11
53,55,1.26458203880568,30,0,6
646,55,0.763801502533469,31,0,4
2,56,15.1758093136996,32,0,57
8,56,4.33323511414993,33,0,17
11,56,3.34754655055451,34,0,14
12,56,3.1285046475333,35,0,13
35,56,1.5451446056943,36,0,7
2,57,15.1758093136996,37,0,57
3,57,10.3568874472331,38,0,40
3,57,10.3568874472331,39,0,40
10,57,3.61039683417995,40,0,15
13,57,2.94316149882305,41,0,12
80,57,1.08046285428502,42,0,5
260,57,0.830249603526184,43,0,4
268,57,0.826930024743314,44,0,4
8,58,4.33323511414993,45,0,17
42,58,1.40746112379525,46,0,6
217,58,0.852285793557173,47,0,4
7,59,4.84954817127135,48,0,19
11,59,3.34754655055451,49,0,14
54,59,1.25447947724076,50,0,6
233,59,0.843136122878571,51,0,4
545,59,0.772096065123518,52,0,4
3,60,10.3568874472331,53,0,40
10,60,3.61039683417995,54,0,15
10,60,3.61039683417995,55,0,15
18,60,2.32535100312221,56,0,10
38,60,1.47992611426843,57,0,7
43,60,1.39145141659769,58,0,6
2,61,15.1758093136996,59,0,57
2,61,15.1758093136996,60,0,57
2,61,15.1758093136996,61,0,57
2,61,15.1758093136996,62,0,57
3,61,10.3568874472331,63,0,40
4,61,7.94742651399983,64,0,31
4,61,7.94742651399983,65,0,31
4,61,7.94742651399983,66,0,31
5,61,6.50174995405987,67,0,25
16,61,2.52613941422498,68,0,11
37,61,1.50049050345677,69,0,7
40,61,1.44188199427001,70,0,7
78,61,1.08973001172054,71,0,5
129,61,0.943179615065919,72,0,5
164,61,0.895345733804907,73,0,4
236,61,0.84155867700681,74,0,4
2,62,15.1758093136996,75,0,57
2,62,15.1758093136996,76,0,57
3,62,10.3568874472331,77,0,40
3,62,10.3568874472331,78,0,40
5,62,6.50174995405987,79,0,25
6,62,5.53796558076657,80,0,22
7,62,4.84954817127135,81,0,19
7,62,4.84954817127135,82,0,19
19,62,2.24080851423683,83,0,9
21,62,2.09587853329047,84,0,9
137,62,0.930091387283969,85,0,5
165,62,0.894277236716998,86,0,4
222,62,0.849284845826156,87,0,4
2,63,15.1758093136996,88,0,57
2,63,15.1758093136996,89,0,57
3,63,10.3568874472331,90,0,40
4,63,7.94742651399983,91,0,31
6,63,5.53796558076657,92,0,22
6,63,5.53796558076657,93,0,22
7,63,4.84954817127135,94,0,19
10,63,3.61039683417995,95,0,15
10,63,3.61039683417995,96,0,15
15,63,2.64661246088665,97,0,11
29,63,1.71606203150001,98,0,8
53,63,1.26458203880568,99,0,6
136,63,0.931643208408851,100,0,5
197,63,0.865812908202567,101,0,4
369,63,0.79740016741331,102,0,4
416,63,0.788547395066378,103,0,4
521,63,0.774539935410972,104,0,4
2,64,15.1758093136996,105,0,57
2,64,15.1758093136996,106,0,57
2,64,15.1758093136996,107,0,57
2,64,15.1758093136996,108,0,57
3,64,10.3568874472331,109,0,40
3,64,10.3568874472331,110,0,40
4,64,7.94742651399983,111,0,31
11,64,3.34754655055451,112,0,14
17,64,2.41983966717057,113,0,10
18,64,2.32535100312221,114,0,10
21,64,2.09587853329047,115,0,9
42,64,1.40746112379525,116,0,6
53,64,1.26458203880568,117,0,6
64,64,1.17081763928127,118,0,5
90,64,1.04030517206447,119,0,5
95,64,1.02339667428739,120,0,5
139,64,0.927054730118733,121,0,5
4,65,7.94742651399983,122,0,31
10,65,3.61039683417995,123,0,15
13,65,2.94316149882305,124,0,12
45,65,1.3615666298289,125,0,6
77,65,1.09454411947924,126,0,5
90,65,1.04030517206447,127,0,5
93,65,1.02994189923336,128,0,5
101,65,1.00531630042676,129,0,5
161,65,0.898630864603134,130,0,4
2,66,15.1758093136996,131,0,57
2,66,15.1758093136996,132,0,57
2,66,15.1758093136996,133,0,57
2,66,15.1758093136996,134,0,57
6,66,5.53796558076657,135,0,22
6,66,5.53796558076657,136,0,22
8,66,4.33323511414993,137,0,17
13,66,2.94316149882305,138,0,12
26,66,1.83110260656154,139,0,8
65,66,1.16386727120464,140,0,5
81,66,1.07600088959385,141,0,5
83,66,1.06739951187593,142,0,5
90,66,1.04030517206447,143,0,5
114,66,0.972671180956167,144,0,5
349,66,0.801890508565934,145,0,4
2,67,15.1758093136996,146,0,57
2,67,15.1758093136996,147,0,57
2,67,15.1758093136996,148,0,57
3,67,10.3568874472331,149,0,40
7,67,4.84954817127135,150,0,19
7,67,4.84954817127135,151,0,19
9,67,3.93165829194439,152,0,16
22,67,2.03329513242727,153,0,9
44,67,1.37616942336365,154,0,6
46,67,1.34759874036089,155,0,6
2,68,15.1758093136996,156,0,57
2,68,15.1758093136996,157,0,57
4,68,7.94742651399983,158,0,31
4,68,7.94742651399983,159,0,31
4,68,7.94742651399983,160,0,31
5,68,6.50174995405987,161,0,25
6,68,5.53796558076657,162,0,22
6,68,5.53796558076657,163,0,22
7,68,4.84954817127135,164,0,19
9,68,3.93165829194439,165,0,16
24,68,1.92377418091667,166,0,8
41,68,1.42425179231953,167,0,6
47,68,1.3342252291681,168,0,6
86,68,1.05524756544886,169,0,5
248,68,0.83563053365003,170,0,4
2,69,15.1758093136996,171,0,57
2,69,15.1758093136996,172,0,57
2,69,15.1758093136996,173,0,57
3,69,10.3568874472331,174,0,40
4,69,7.94742651399983,175,0,31
4,69,7.94742651399983,176,0,31
5,69,6.50174995405987,177,0,25
6,69,5.53796558076657,178,0,22
6,69,5.53796558076657,179,0,22
8,69,4.33323511414993,180,0,17
10,69,3.61039683417995,181,0,15
12,69,3.1285046475333,182,0,13
38,69,1.47992611426843,183,0,7
40,69,1.44188199427001,184,0,7
41,69,1.42425179231953,185,0,6
59,69,1.20910356512714,186,0,6
65,69,1.16386727120464,187,0,5
74,69,1.1097671088784,188,0,5
77,69,1.09454411947924,189,0,5
94,69,1.02663447173407,190,0,5
99,69,1.01109958499497,191,0,5
111,69,0.979525977352278,192,0,5
2,70,15.1758093136996,193,0,57
2,70,15.1758093136996,194,0,57
2,70,15.1758093136996,195,0,57
2,70,15.1758093136996,196,0,57
2,70,15.1758093136996,197,0,57
2,70,15.1758093136996,198,0,57
2,70,15.1758093136996,199,0,57
2,70,15.1758093136996,200,0,57
2,70,15.1758093136996,201,0,57
3,70,10.3568874472331,202,0,40
3,70,10.3568874472331,203,0,40
4,70,7.94742651399983,204,0,31
5,70,6.50174995405987,205,0,25
5,70,6.50174995405987,206,0,25
6,70,5.53796558076657,207,0,22
6,70,5.53796558076657,208,0,22
11,70,3.34754655055451,209,0,14
12,70,3.1285046475333,210,0,13
13,70,2.94316149882305,211,0,12
15,70,2.64661246088665,212,0,11
16,70,2.52613941422498,213,0,11
17,70,2.41983966717057,214,0,10
17,70,2.41983966717057,215,0,10
20,70,2.16472027423999,216,0,9
22,70,2.03329513242727,217,0,9
27,70,1.78991524018149,218,0,8
28,70,1.75166982854286,219,0,8
31,70,1.65173826910001,220,0,7
49,70,1.30911577958165,221,0,6
58,70,1.21755287290002,222,0,6
60,70,1.20093590094669,223,0,6
60,70,1.20093590094669,224,0,6
71,70,1.12627654808594,225,0,5
72,70,1.12062053650558,226,0,5
81,70,1.07600088959385,227,0,5
267,70,0.827334093321753,228,0,4
2,71,15.1758093136996,229,0,57
2,71,15.1758093136996,230,0,57
2,71,15.1758093136996,231,0,57
2,71,15.1758093136996,232,0,57
2,71,15.1758093136996,233,0,57
3,71,10.3568874472331,234,0,40
5,71,6.50174995405987,235,0,25
5,71,6.50174995405987,236,0,25
5,71,6.50174995405987,237,0,25
6,71,5.53796558076657,238,0,22
6,71,5.53796558076657,239,0,22
6,71,5.53796558076657,240,0,22
7,71,4.84954817127135,241,0,19
7,71,4.84954817127135,242,0,19
9,71,3.93165829194439,243,0,16
9,71,3.93165829194439,244,0,16
9,71,3.93165829194439,245,0,16
11,71,3.34754655055451,246,0,14
11,71,3.34754655055451,247,0,14
13,71,2.94316149882305,248,0,12
14,71,2.78429594278569,249,0,12
18,71,2.32535100312221,250,0,10
22,71,2.03329513242727,251,0,9
29,71,1.71606203150001,252,0,8
31,71,1.65173826910001,253,0,7
42,71,1.40746112379525,254,0,6
48,71,1.32140894760835,255,0,6
50,71,1.29731433827602,256,0,6
60,71,1.20093590094669,257,0,6
78,71,1.08973001172054,258,0,5
101,71,1.00531630042676,259,0,5
3,72,10.3568874472331,260,0,40
3,72,10.3568874472331,261,0,40
4,72,7.94742651399983,262,0,31
6,72,5.53796558076657,263,0,22
6,72,5.53796558076657,264,0,22
10,72,3.61039683417995,265,0,15
12,72,3.1285046475333,266,0,13
21,72,2.09587853329047,267,0,9
25,72,1.875584962252,268,0,8
31,72,1.65173826910001,269,0,7
32,72,1.62259156426251,270,0,7
43,72,1.39145141659769,271,0,6
2,73,15.1758093136996,272,0,57
2,73,15.1758093136996,273,0,57
2,73,15.1758093136996,274,0,57
3,73,10.3568874472331,275,0,40
3,73,10.3568874472331,276,0,40
3,73,10.3568874472331,277,0,40
5,73,6.50174995405987,278,0,25
9,73,3.93165829194439,279,0,16
9,73,3.93165829194439,280,0,16
10,73,3.61039683417995,281,0,15
11,73,3.34754655055451,282,0,14
16,73,2.52613941422498,283,0,11
17,73,2.41983966717057,284,0,10
17,73,2.41983966717057,285,0,10
26,73,1.83110260656154,286,0,8
26,73,1.83110260656154,287,0,8
31,73,1.65173826910001,288,0,7
34,73,1.5694416907353,289,0,7
41,73,1.42425179231953,290,0,6
48,73,1.32140894760835,291,0,6
50,73,1.29731433827602,292,0,6
97,73,1.01712135552477,293,0,5
118,73,0.964073639713586,294,0,5
2,74,15.1758093136996,295,0,57
2,74,15.1758093136996,296,0,57
2,74,15.1758093136996,297,0,57
3,74,10.3568874472331,298,0,40
3,74,10.3568874472331,299,0,40
3,74,10.3568874472331,300,0,40
3,74,10.3568874472331,301,0,40
4,74,7.94742651399983,302,0,31
4,74,7.94742651399983,303,0,31
4,74,7.94742651399983,304,0,31
5,74,6.50174995405987,305,0,25
7,74,4.84954817127135,306,0,19
7,74,4.84954817127135,307,0,19
8,74,4.33323511414993,308,0,17
8,74,4.33323511414993,309,0,17
9,74,3.93165829194439,310,0,16
10,74,3.61039683417995,311,0,15
19,74,2.24080851423683,312,0,9
19,74,2.24080851423683,313,0,9
20,74,2.16472027423999,314,0,9
29,74,1.71606203150001,315,0,8
30,74,1.68282808759334,316,0,7
36,74,1.52219735871112,317,0,7
37,74,1.50049050345677,318,0,7
39,74,1.46041630914104,319,0,7
44,74,1.37616942336365,320,0,6
44,74,1.37616942336365,321,0,6
65,74,1.16386727120464,322,0,5
93,74,1.02994189923336,323,0,5
104,74,0.99705843736541,324,0,5
2,75,15.1758093136996,325,0,57
2,75,15.1758093136996,326,0,57
2,75,15.1758093136996,327,0,57
2,75,15.1758093136996,328,0,57
2,75,15.1758093136996,329,0,57
3,75,10.3568874472331,330,0,40
3,75,10.3568874472331,331,0,40
3,75,10.3568874472331,332,0,40
3,75,10.3568874472331,333,0,40
3,75,10.3568874472331,334,0,40
3,75,10.3568874472331,335,0,40
3,75,10.3568874472331,336,0,40
3,75,10.3568874472331,337,0,40
3,75,10.3568874472331,338,0,40
3,75,10.3568874472331,339,0,40
4,75,7.94742651399983,340,0,31
4,75,7.94742651399983,341,0,31
5,75,6.50174995405987,342,0,25
5,75,6.50174995405987,343,0,25
6,75,5.53796558076657,344,0,22
6,75,5.53796558076657,345,0,22
6,75,5.53796558076657,346,0,22
7,75,4.84954817127135,347,0,19
7,75,4.84954817127135,348,0,19
8,75,4.33323511414993,349,0,17
13,75,2.94316149882305,350,0,12
15,75,2.64661246088665,351,0,11
20,75,2.16472027423999,352,0,9
22,75,2.03329513242727,353,0,9
23,75,1.97615376642174,354,0,9
25,75,1.875584962252,355,0,8
28,75,1.75166982854286,356,0,8
50,75,1.29731433827602,357,0,6
56,75,1.23535677142145,358,0,6
2,76,15.1758093136996,359,0,57
2,76,15.1758093136996,360,0,57
2,76,15.1758093136996,361,0,57
2,76,15.1758093136996,362,0,57
3,76,10.3568874472331,363,0,40
3,76,10.3568874472331,364,0,40
3,76,10.3568874472331,365,0,40
3,76,10.3568874472331,366,0,40
3,76,10.3568874472331,367,0,40
3,76,10.3568874472331,368,0,40
4,76,7.94742651399983,369,0,31
4,76,7.94742651399983,370,0,31
4,76,7.94742651399983,371,0,31
5,76,6.50174995405987,372,0,25
5,76,6.50174995405987,373,0,25
5,76,6.50174995405987,374,0,25
6,76,5.53796558076657,375,0,22
6,76,5.53796558076657,376,0,22
6,76,5.53796558076657,377,0,22
7,76,4.84954817127135,378,0,19
7,76,4.84954817127135,379,0,19
7,76,4.84954817127135,380,0,19
7,76,4.84954817127135,381,0,19
11,76,3.34754655055451,382,0,14
12,76,3.1285046475333,383,0,13
12,76,3.1285046475333,384,0,13
14,76,2.78429594278569,385,0,12
16,76,2.52613941422498,386,0,11
16,76,2.52613941422498,387,0,11
18,76,2.32535100312221,388,0,10
19,76,2.24080851423683,389,0,9
23,76,1.97615376642174,390,0,9
24,76,1.92377418091667,391,0,8
30,76,1.68282808759334,392,0,7
60,76,1.20093590094669,393,0,6
71,76,1.12627654808594,394,0,5
2,77,15.1758093136996,395,0,57
2,77,15.1758093136996,396,0,57
2,77,15.1758093136996,397,0,57
2,77,15.1758093136996,398,0,57
2,77,15.1758093136996,399,0,57
2,77,15.1758093136996,400,0,57
2,77,15.1758093136996,401,0,57
2,77,15.1758093136996,402,0,57
2,77,15.1758093136996,403,0,57
2,77,15.1758093136996,404,0,57
2,77,15.1758093136996,405,0,57
2,77,15.1758093136996,406,0,57
2,77,15.1758093136996,407,0,57
2,77,15.1758093136996,408,0,57
3,77,10.3568874472331,409,0,40
3,77,10.3568874472331,410,0,40
3,77,10.3568874472331,411,0,40
3,77,10.3568874472331,412,0,40
4,77,7.94742651399983,413,0,31
4,77,7.94742651399983,414,0,31
4,77,7.94742651399983,415,0,31
4,77,7.94742651399983,416,0,31
4,77,7.94742651399983,417,0,31
4,77,7.94742651399983,418,0,31
5,77,6.50174995405987,419,0,25
6,77,5.53796558076657,420,0,22
6,77,5.53796558076657,421,0,22
6,77,5.53796558076657,422,0,22
7,77,4.84954817127135,423,0,19
7,77,4.84954817127135,424,0,19
7,77,4.84954817127135,425,0,19
7,77,4.84954817127135,426,0,19
8,77,4.33323511414993,427,0,17
8,77,4.33323511414993,428,0,17
9,77,3.93165829194439,429,0,16
9,77,3.93165829194439,430,0,16
9,77,3.93165829194439,431,0,16
9,77,3.93165829194439,432,0,16
10,77,3.61039683417995,433,0,15
10,77,3.61039683417995,434,0,15
11,77,3.34754655055451,435,0,14
12,77,3.1285046475333,436,0,13
14,77,2.78429594278569,437,0,12
15,77,2.64661246088665,438,0,11
16,77,2.52613941422498,439,0,11
18,77,2.32535100312221,440,0,10
19,77,2.24080851423683,441,0,9
22,77,2.03329513242727,442,0,9
23,77,1.97615376642174,443,0,9
25,77,1.875584962252,444,0,8
29,77,1.71606203150001,445,0,8
34,77,1.5694416907353,446,0,7
41,77,1.42425179231953,447,0,6
2,78,15.1758093136996,448,0,57
2,78,15.1758093136996,449,0,57
2,78,15.1758093136996,450,0,57
2,78,15.1758093136996,451,0,57
2,78,15.1758093136996,452,0,57
2,78,15.1758093136996,453,0,57
2,78,15.1758093136996,454,0,57
2,78,15.1758093136996,455,0,57
2,78,15.1758093136996,456,0,57
2,78,15.1758093136996,457,0,57
2,78,15.1758093136996,458,0,57
2,78,15.1758093136996,459,0,57
3,78,10.3568874472331,460,0,40
3,78,10.3568874472331,461,0,40
3,78,10.3568874472331,462,0,40
3,78,10.3568874472331,463,0,40
3,78,10.3568874472331,464,0,40
3,78,10.3568874472331,465,0,40
3,78,10.3568874472331,466,0,40
3,78,10.3568874472331,467,0,40
4,78,7.94742651399983,468,0,31
4,78,7.94742651399983,469,0,31
4,78,7.94742651399983,470,0,31
4,78,7.94742651399983,471,0,31
4,78,7.94742651399983,472,0,31
4,78,7.94742651399983,473,0,31
5,78,6.50174995405987,474,0,25
5,78,6.50174995405987,475,0,25
5,78,6.50174995405987,476,0,25
5,78,6.50174995405987,477,0,25
5,78,6.50174995405987,478,0,25
5,78,6.50174995405987,479,0,25
6,78,5.53796558076657,480,0,22
6,78,5.53796558076657,481,0,22
7,78,4.84954817127135,482,0,19
7,78,4.84954817127135,483,0,19
8,78,4.33323511414993,484,0,17
8,78,4.33323511414993,485,0,17
8,78,4.33323511414993,486,0,17
8,78,4.33323511414993,487,0,17
9,78,3.93165829194439,488,0,16
9,78,3.93165829194439,489,0,16
10,78,3.61039683417995,490,0,15
11,78,3.34754655055451,491,0,14
13,78,2.94316149882305,492,0,12
14,78,2.78429594278569,493,0,12
14,78,2.78429594278569,494,0,12
15,78,2.64661246088665,495,0,11
15,78,2.64661246088665,496,0,11
18,78,2.32535100312221,497,0,10
20,78,2.16472027423999,498,0,9
21,78,2.09587853329047,499,0,9
22,78,2.03329513242727,500,0,9
23,78,1.97615376642174,501,0,9
24,78,1.92377418091667,502,0,8
25,78,1.875584962252,503,0,8
30,78,1.68282808759334,504,0,7
31,78,1.65173826910001,505,0,7
35,78,1.5451446056943,506,0,7
47,78,1.3342252291681,507,0,6
2,79,15.1758093136996,508,0,57
2,79,15.1758093136996,509,0,57
2,79,15.1758093136996,510,0,57
2,79,15.1758093136996,511,0,57
2,79,15.1758093136996,512,0,57
2,79,15.1758093136996,513,0,57
2,79,15.1758093136996,514,0,57
2,79,15.1758093136996,515,0,57
2,79,15.1758093136996,516,0,57
2,79,15.1758093136996,517,0,57
2,79,15.1758093136996,518,0,57
2,79,15.1758093136996,519,0,57
2,79,15.1758093136996,520,0,57
2,79,15.1758093136996,521,0,57
2,79,15.1758093136996,522,0,57
2,79,15.1758093136996,523,0,57
3,79,10.3568874472331,524,0,40
3,79,10.3568874472331,525,0,40
3,79,10.3568874472331,526,0,40
3,79,10.3568874472331,527,0,40
3,79,10.3568874472331,528,0,40
3,79,10.3568874472331,529,0,40
3,79,10.3568874472331,530,0,40
4,79,7.94742651399983,531,0,31
4,79,7.94742651399983,532,0,31
4,79,7.94742651399983,533,0,31
4,79,7.94742651399983,534,0,31
4,79,7.94742651399983,535,0,31
5,79,6.50174995405987,536,0,25
6,79,5.53796558076657,537,0,22
6,79,5.53796558076657,538,0,22
6,79,5.53796558076657,539,0,22
6,79,5.53796558076657,540,0,22
7,79,4.84954817127135,541,0,19
7,79,4.84954817127135,542,0,19
10,79,3.61039683417995,543,0,15
10,79,3.61039683417995,544,0,15
11,79,3.34754655055451,545,0,14
18,79,2.32535100312221,546,0,10
21,79,2.09587853329047,547,0,9
26,79,1.83110260656154,548,0,8
86,79,1.05524756544886,549,0,5
2,80,15.1758093136996,550,0,57
2,80,15.1758093136996,551,0,57
2,80,15.1758093136996,552,0,57
2,80,15.1758093136996,553,0,57
2,80,15.1758093136996,554,0,57
2,80,15.1758093136996,555,0,57
2,80,15.1758093136996,556,0,57
2,80,15.1758093136996,557,0,57
2,80,15.1758093136996,558,0,57
3,80,10.3568874472331,559,0,40
3,80,10.3568874472331,560,0,40
3,80,10.3568874472331,561,0,40
3,80,10.3568874472331,562,0,40
3,80,10.3568874472331,563,0,40
3,80,10.3568874472331,564,0,40
4,80,7.94742651399983,565,0,31
4,80,7.94742651399983,566,0,31
4,80,7.94742651399983,567,0,31
5,80,6.50174995405987,568,0,25
6,80,5.53796558076657,569,0,22
8,80,4.33323511414993,570,0,17
10,80,3.61039683417995,571,0,15
12,80,3.1285046475333,572,0,13
13,80,2.94316149882305,573,0,12
14,80,2.78429594278569,574,0,12
15,80,2.64661246088665,575,0,11
22,80,2.03329513242727,576,0,9
2,81,15.1758093136996,577,0,57
2,81,15.1758093136996,578,0,57
2,81,15.1758093136996,579,0,57
2,81,15.1758093136996,580,0,57
2,81,15.1758093136996,581,0,57
2,81,15.1758093136996,582,0,57
2,81,15.1758093136996,583,0,57
2,81,15.1758093136996,584,0,57
2,81,15.1758093136996,585,0,57
2,81,15.1758093136996,586,0,57
2,81,15.1758093136996,587,0,57
2,81,15.1758093136996,588,0,57
2,81,15.1758093136996,589,0,57
2,81,15.1758093136996,590,0,57
2,81,15.1758093136996,591,0,57
3,81,10.3568874472331,592,0,40
3,81,10.3568874472331,593,0,40
3,81,10.3568874472331,594,0,40
3,81,10.3568874472331,595,0,40
3,81,10.3568874472331,596,0,40
3,81,10.3568874472331,597,0,40
3,81,10.3568874472331,598,0,40
4,81,7.94742651399983,599,0,31
4,81,7.94742651399983,600,0,31
5,81,6.50174995405987,601,0,25
5,81,6.50174995405987,602,0,25
5,81,6.50174995405987,603,0,25
6,81,5.53796558076657,604,0,22
6,81,5.53796558076657,605,0,22
7,81,4.84954817127135,606,0,19
8,81,4.33323511414993,607,0,17
9,81,3.93165829194439,608,0,16
9,81,3.93165829194439,609,0,16
10,81,3.61039683417995,610,0,15
10,81,3.61039683417995,611,0,15
11,81,3.34754655055451,612,0,14
11,81,3.34754655055451,613,0,14
11,81,3.34754655055451,614,0,14
14,81,2.78429594278569,615,0,12
17,81,2.41983966717057,616,0,10
18,81,2.32535100312221,617,0,10
19,81,2.24080851423683,618,0,9
20,81,2.16472027423999,619,0,9
23,81,1.97615376642174,620,0,9
2,82,15.1758093136996,621,0,57
2,82,15.1758093136996,622,0,57
2,82,15.1758093136996,623,0,57
2,82,15.1758093136996,624,0,57
2,82,15.1758093136996,625,0,57
2,82,15.1758093136996,626,0,57
2,82,15.1758093136996,627,0,57
2,82,15.1758093136996,628,0,57
2,82,15.1758093136996,629,0,57
2,82,15.1758093136996,630,0,57
3,82,10.3568874472331,631,0,40
3,82,10.3568874472331,632,0,40
3,82,10.3568874472331,633,0,40
3,82,10.3568874472331,634,0,40
3,82,10.3568874472331,635,0,40
3,82,10.3568874472331,636,0,40
3,82,10.3568874472331,637,0,40
4,82,7.94742651399983,638,0,31
4,82,7.94742651399983,639,0,31
4,82,7.94742651399983,640,0,31
4,82,7.94742651399983,641,0,31
5,82,6.50174995405987,642,0,25
5,82,6.50174995405987,643,0,25
5,82,6.50174995405987,644,0,25
5,82,6.50174995405987,645,0,25
5,82,6.50174995405987,646,0,25
6,82,5.53796558076657,647,0,22
6,82,5.53796558076657,648,0,22
7,82,4.84954817127135,649,0,19
7,82,4.84954817127135,650,0,19
7,82,4.84954817127135,651,0,19
7,82,4.84954817127135,652,0,19
7,82,4.84954817127135,653,0,19
7,82,4.84954817127135,654,0,19
8,82,4.33323511414993,655,0,17
8,82,4.33323511414993,656,0,17
9,82,3.93165829194439,657,0,16
9,82,3.93165829194439,658,0,16
11,82,3.34754655055451,659,0,14
13,82,2.94316149882305,660,0,12
15,82,2.64661246088665,661,0,11
18,82,2.32535100312221,662,0,10
2,83,15.1758093136996,663,0,57
2,83,15.1758093136996,664,0,57
2,83,15.1758093136996,665,0,57
2,83,15.1758093136996,666,0,57
2,83,15.1758093136996,667,0,57
2,83,15.1758093136996,668,0,57
2,83,15.1758093136996,669,0,57
2,83,15.1758093136996,670,0,57
2,83,15.1758093136996,671,0,57
3,83,10.3568874472331,672,0,40
3,83,10.3568874472331,673,0,40
3,83,10.3568874472331,674,0,40
3,83,10.3568874472331,675,0,40
3,83,10.3568874472331,676,0,40
3,83,10.3568874472331,677,0,40
3,83,10.3568874472331,678,0,40
3,83,10.3568874472331,679,0,40
3,83,10.3568874472331,680,0,40
5,83,6.50174995405987,681,0,25
5,83,6.50174995405987,682,0,25
6,83,5.53796558076657,683,0,22
6,83,5.53796558076657,684,0,22
6,83,5.53796558076657,685,0,22
7,83,4.84954817127135,686,0,19
7,83,4.84954817127135,687,0,19
11,83,3.34754655055451,688,0,14
13,83,2.94316149882305,689,0,12
2,84,15.1758093136996,690,0,57
2,84,15.1758093136996,691,0,57
2,84,15.1758093136996,692,0,57
2,84,15.1758093136996,693,0,57
2,84,15.1758093136996,694,0,57
2,84,15.1758093136996,695,0,57
2,84,15.1758093136996,696,0,57
2,84,15.1758093136996,697,0,57
2,84,15.1758093136996,698,0,57
3,84,10.3568874472331,699,0,40
3,84,10.3568874472331,700,0,40
3,84,10.3568874472331,701,0,40
3,84,10.3568874472331,702,0,40
3,84,10.3568874472331,703,0,40
3,84,10.3568874472331,704,0,40
3,84,10.3568874472331,705,0,40
4,84,7.94742651399983,706,0,31
4,84,7.94742651399983,707,0,31
4,84,7.94742651399983,708,0,31
4,84,7.94742651399983,709,0,31
4,84,7.94742651399983,710,0,31
4,84,7.94742651399983,711,0,31
5,84,6.50174995405987,712,0,25
6,84,5.53796558076657,713,0,22
6,84,5.53796558076657,714,0,22
6,84,5.53796558076657,715,0,22
7,84,4.84954817127135,716,0,19
7,84,4.84954817127135,717,0,19
8,84,4.33323511414993,718,0,17
9,84,3.93165829194439,719,0,16
11,84,3.34754655055451,720,0,14
11,84,3.34754655055451,721,0,14
12,84,3.1285046475333,722,0,13
20,84,2.16472027423999,723,0,9
20,84,2.16472027423999,724,0,9
21,84,2.09587853329047,725,0,9
22,84,2.03329513242727,726,0,9
23,84,1.97615376642174,727,0,9
41,84,1.42425179231953,728,0,6
2,85,15.1758093136996,729,0,57
2,85,15.1758093136996,730,0,57
2,85,15.1758093136996,731,0,57
2,85,15.1758093136996,732,0,57
2,85,15.1758093136996,733,0,57
2,85,15.1758093136996,734,0,57
2,85,15.1758093136996,735,0,57
2,85,15.1758093136996,736,0,57
3,85,10.3568874472331,737,0,40
3,85,10.3568874472331,738,0,40
3,85,10.3568874472331,739,0,40
3,85,10.3568874472331,740,0,40
3,85,10.3568874472331,741,0,40
3,85,10.3568874472331,742,0,40
3,85,10.3568874472331,743,0,40
3,85,10.3568874472331,744,0,40
3,85,10.3568874472331,745,0,40
4,85,7.94742651399983,746,0,31
4,85,7.94742651399983,747,0,31
5,85,6.50174995405987,748,0,25
5,85,6.50174995405987,749,0,25
7,85,4.84954817127135,750,0,19
7,85,4.84954817127135,751,0,19
7,85,4.84954817127135,752,0,19
7,85,4.84954817127135,753,0,19
7,85,4.84954817127135,754,0,19
9,85,3.93165829194439,755,0,16
10,85,3.61039683417995,756,0,15
12,85,3.1285046475333,757,0,13
12,85,3.1285046475333,758,0,13
17,85,2.41983966717057,759,0,10
21,85,2.09587853329047,760,0,9
2,86,15.1758093136996,761,0,57
2,86,15.1758093136996,762,0,57
2,86,15.1758093136996,763,0,57
2,86,15.1758093136996,764,0,57
2,86,15.1758093136996,765,0,57
2,86,15.1758093136996,766,0,57
2,86,15.1758093136996,767,0,57
2,86,15.1758093136996,768,0,57
2,86,15.1758093136996,769,0,57
2,86,15.1758093136996,770,0,57
2,86,15.1758093136996,771,0,57
2,86,15.1758093136996,772,0,57
2,86,15.1758093136996,773,0,57
2,86,15.1758093136996,774,0,57
3,86,10.3568874472331,775,0,40
3,86,10.3568874472331,776,0,40
4,86,7.94742651399983,777,0,31
4,86,7.94742651399983,778,0,31
5,86,6.50174995405987,779,0,25
5,86,6.50174995405987,780,0,25
5,86,6.50174995405987,781,0,25
6,86,5.53796558076657,782,0,22
6,86,5.53796558076657,783,0,22
6,86,5.53796558076657,784,0,22
7,86,4.84954817127135,785,0,19
7,86,4.84954817127135,786,0,19
8,86,4.33323511414993,787,0,17
8,86,4.33323511414993,788,0,17
8,86,4.33323511414993,789,0,17
12,86,3.1285046475333,790,0,13
21,86,2.09587853329047,791,0,9
103,86,0.999757609434006,792,0,5
2,87,15.1758093136996,793,0,57
2,87,15.1758093136996,794,0,57
2,87,15.1758093136996,795,0,57
2,87,15.1758093136996,796,0,57
2,87,15.1758093136996,797,0,57
2,87,15.1758093136996,798,0,57
2,87,15.1758093136996,799,0,57
2,87,15.1758093136996,800,0,57
2,87,15.1758093136996,801,0,57
2,87,15.1758093136996,802,0,57
2,87,15.1758093136996,803,0,57
2,87,15.1758093136996,804,0,57
2,87,15.1758093136996,805,0,57
2,87,15.1758093136996,806,0,57
2,87,15.1758093136996,807,0,57
2,87,15.1758093136996,808,0,57
2,87,15.1758093136996,809,0,57
3,87,10.3568874472331,810,0,40
3,87,10.3568874472331,811,0,40
3,87,10.3568874472331,812,0,40
3,87,10.3568874472331,813,0,40
3,87,10.3568874472331,814,0,40
3,87,10.3568874472331,815,0,40
3,87,10.3568874472331,816,0,40
3,87,10.3568874472331,817,0,40
4,87,7.94742651399983,818,0,31
4,87,7.94742651399983,819,0,31
4,87,7.94742651399983,820,0,31
4,87,7.94742651399983,821,0,31
4,87,7.94742651399983,822,0,31
4,87,7.94742651399983,823,0,31
5,87,6.50174995405987,824,0,25
6,87,5.53796558076657,825,0,22
7,87,4.84954817127135,826,0,19
7,87,4.84954817127135,827,0,19
8,87,4.33323511414993,828,0,17
8,87,4.33323511414993,829,0,17
9,87,3.93165829194439,830,0,16
9,87,3.93165829194439,831,0,16
9,87,3.93165829194439,832,0,16
13,87,2.94316149882305,833,0,12
25,87,1.875584962252,834,0,8
61,87,1.19303602903445,835,0,6
2,88,15.1758093136996,836,0,57
2,88,15.1758093136996,837,0,57
2,88,15.1758093136996,838,0,57
2,88,15.1758093136996,839,0,57
2,88,15.1758093136996,840,0,57
2,88,15.1758093136996,841,0,57
2,88,15.1758093136996,842,0,57
2,88,15.1758093136996,843,0,57
2,88,15.1758093136996,844,0,57
2,88,15.1758093136996,845,0,57
2,88,15.1758093136996,846,0,57
3,88,10.3568874472331,847,0,40
3,88,10.3568874472331,848,0,40
3,88,10.3568874472331,849,0,40
3,88,10.3568874472331,850,0,40
3,88,10.3568874472331,851,0,40
3,88,10.3568874472331,852,0,40
3,88,10.3568874472331,853,0,40
4,88,7.94742651399983,854,0,31
4,88,7.94742651399983,855,0,31
5,88,6.50174995405987,856,0,25
5,88,6.50174995405987,857,0,25
5,88,6.50174995405987,858,0,25
8,88,4.33323511414993,859,0,17
8,88,4.33323511414993,860,0,17
9,88,3.93165829194439,861,0,16
19,88,2.24080851423683,862,0,9
73,88,1.1151194841466,863,0,5
2,89,15.1758093136996,864,0,57
2,89,15.1758093136996,865,0,57
2,89,15.1758093136996,866,0,57
2,89,15.1758093136996,867,0,57
2,89,15.1758093136996,868,0,57
2,89,15.1758093136996,869,0,57
2,89,15.1758093136996,870,0,57
2,89,15.1758093136996,871,0,57
2,89,15.1758093136996,872,0,57
2,89,15.1758093136996,873,0,57
2,89,15.1758093136996,874,0,57
2,89,15.1758093136996,875,0,57
2,89,15.1758093136996,876,0,57
2,89,15.1758093136996,877,0,57
2,89,15.1758093136996,878,0,57
2,89,15.1758093136996,879,0,57
3,89,10.3568874472331,880,0,40
3,89,10.3568874472331,881,0,40
3,89,10.3568874472331,882,0,40
3,89,10.3568874472331,883,0,40
3,89,10.3568874472331,884,0,40
3,89,10.3568874472331,885,0,40
4,89,7.94742651399983,886,0,31
4,89,7.94742651399983,887,0,31
4,89,7.94742651399983,888,0,31
5,89,6.50174995405987,889,0,25
5,89,6.50174995405987,890,0,25
6,89,5.53796558076657,891,0,22
6,89,5.53796558076657,892,0,22
6,89,5.53796558076657,893,0,22
9,89,3.93165829194439,894,0,16
13,89,2.94316149882305,895,0,12
29,89,1.71606203150001,896,0,8
2,90,15.1758093136996,897,0,57
2,90,15.1758093136996,898,0,57
2,90,15.1758093136996,899,0,57
2,90,15.1758093136996,900,0,57
2,90,15.1758093136996,901,0,57
2,90,15.1758093136996,902,0,57
2,90,15.1758093136996,903,0,57
2,90,15.1758093136996,904,0,57
2,90,15.1758093136996,905,0,57
3,90,10.3568874472331,906,0,40
4,90,7.94742651399983,907,0,31
4,90,7.94742651399983,908,0,31
4,90,7.94742651399983,909,0,31
5,90,6.50174995405987,910,0,25
7,90,4.84954817127135,911,0,19
10,90,3.61039683417995,912,0,15
10,90,3.61039683417995,913,0,15
38,90,1.47992611426843,914,0,7
40,90,1.44188199427001,915,0,7
2,91,15.1758093136996,916,0,57
2,91,15.1758093136996,917,0,57
2,91,15.1758093136996,918,0,57
2,91,15.1758093136996,919,0,57
2,91,15.1758093136996,920,0,57
2,91,15.1758093136996,921,0,57
2,91,15.1758093136996,922,0,57
2,91,15.1758093136996,923,0,57
3,91,10.3568874472331,924,0,40
3,91,10.3568874472331,925,0,40
3,91,10.3568874472331,926,0,40
3,91,10.3568874472331,927,0,40
3,91,10.3568874472331,928,0,40
4,91,7.94742651399983,929,0,31
4,91,7.94742651399983,930,0,31
5,91,6.50174995405987,931,0,25
5,91,6.50174995405987,932,0,25
8,91,4.33323511414993,933,0,17
9,91,3.93165829194439,934,0,16
14,91,2.78429594278569,935,0,12
2,92,15.1758093136996,936,0,57
2,92,15.1758093136996,937,0,57
2,92,15.1758093136996,938,0,57
2,92,15.1758093136996,939,0,57
2,92,15.1758093136996,940,0,57
2,92,15.1758093136996,941,0,57
2,92,15.1758093136996,942,0,57
2,92,15.1758093136996,943,0,57
2,92,15.1758093136996,944,0,57
2,92,15.1758093136996,945,0,57
2,92,15.1758093136996,946,0,57
3,92,10.3568874472331,947,0,40
4,92,7.94742651399983,948,0,31
4,92,7.94742651399983,949,0,31
5,92,6.50174995405987,950,0,25
8,92,4.33323511414993,951,0,17
10,92,3.61039683417995,952,0,15
12,92,3.1285046475333,953,0,13
2,93,15.1758093136996,954,0,57
2,93,15.1758093136996,955,0,57
2,93,15.1758093136996,956,0,57
2,93,15.1758093136996,957,0,57
2,93,15.1758093136996,958,0,57
2,93,15.1758093136996,959,0,57
2,93,15.1758093136996,960,0,57
2,93,15.1758093136996,961,0,57
3,93,10.3568874472331,962,0,40
3,93,10.3568874472331,963,0,40
3,93,10.3568874472331,964,0,40
3,93,10.3568874472331,965,0,40
3,93,10.3568874472331,966,0,40
3,93,10.3568874472331,967,0,40
3,93,10.3568874472331,968,0,40
4,93,7.94742651399983,969,0,31
4,93,7.94742651399983,970,0,31
4,93,7.94742651399983,971,0,31
5,93,6.50174995405987,972,0,25
6,93,5.53796558076657,973,0,22
6,93,5.53796558076657,974,0,22
2,94,15.1758093136996,975,0,57
2,94,15.1758093136996,976,0,57
2,94,15.1758093136996,977,0,57
2,94,15.1758093136996,978,0,57
2,94,15.1758093136996,979,0,57
2,94,15.1758093136996,980,0,57
2,94,15.1758093136996,981,0,57
2,94,15.1758093136996,982,0,57
2,94,15.1758093136996,983,0,57
2,94,15.1758093136996,984,0,57
2,94,15.1758093136996,985,0,57
3,94,10.3568874472331,986,0,40
3,94,10.3568874472331,987,0,40
3,94,10.3568874472331,988,0,40
4,94,7.94742651399983,989,0,31
5,94,6.50174995405987,990,0,25
6,94,5.53796558076657,991,0,22
6,94,5.53796558076657,992,0,22
8,94,4.33323511414993,993,0,17
9,94,3.93165829194439,994,0,16
13,94,2.94316149882305,995,0,12
14,94,2.78429594278569,996,0,12
2,95,15.1758093136996,997,0,57
2,95,15.1758093136996,998,0,57
2,95,15.1758093136996,999,0,57
2,95,15.1758093136996,1000,0,57
2,95,15.1758093136996,1001,0,57
2,95,15.1758093136996,1002,0,57
2,95,15.1758093136996,1003,0,57
2,95,15.1758093136996,1004,0,57
2,95,15.1758093136996,1005,0,57
3,95,10.3568874472331,1006,0,40
4,95,7.94742651399983,1007,0,31
5,95,6.50174995405987,1008,0,25
6,95,5.53796558076657,1009,0,22
7,95,4.84954817127135,1010,0,19
10,95,3.61039683417995,1011,0,15
13,95,2.94316149882305,1012,0,12
16,95,2.52613941422498,1013,0,11
35,95,1.5451446056943,1014,0,7
40,95,1.44188199427001,1015,0,7
2,96,15.1758093136996,1016,0,57
2,96,15.1758093136996,1017,0,57
2,96,15.1758093136996,1018,0,57
2,96,15.1758093136996,1019,0,57
2,96,15.1758093136996,1020,0,57
2,96,15.1758093136996,1021,0,57
2,96,15.1758093136996,1022,0,57
3,96,10.3568874472331,1023,0,40
3,96,10.3568874472331,1024,0,40
3,96,10.3568874472331,1025,0,40
3,96,10.3568874472331,1026,0,40
3,96,10.3568874472331,1027,0,40
4,96,7.94742651399983,1028,0,31
5,96,6.50174995405987,1029,0,25
6,96,5.53796558076657,1030,0,22
7,96,4.84954817127135,1031,0,19
8,96,4.33323511414993,1032,0,17
8,96,4.33323511414993,1033,0,17
10,96,3.61039683417995,1034,0,15
2,97,15.1758093136996,1035,0,57
2,97,15.1758093136996,1036,0,57
3,97,10.3568874472331,1037,0,40
3,97,10.3568874472331,1038,0,40
4,97,7.94742651399983,1039,0,31
4,97,7.94742651399983,1040,0,31
4,97,7.94742651399983,1041,0,31
7,97,4.84954817127135,1042,0,19
11,97,3.34754655055451,1043,0,14
2,98,15.1758093136996,1044,0,57
2,98,15.1758093136996,1045,0,57
2,98,15.1758093136996,1046,0,57
2,98,15.1758093136996,1047,0,57
3,98,10.3568874472331,1048,0,40
4,98,7.94742651399983,1049,0,31
4,98,7.94742651399983,1050,0,31
5,98,6.50174995405987,1051,0,25
5,98,6.50174995405987,1052,0,25
11,98,3.34754655055451,1053,0,14
12,98,3.1285046475333,1054,0,13
2,99,15.1758093136996,1055,0,57
2,99,15.1758093136996,1056,0,57
2,99,15.1758093136996,1057,0,57
3,99,10.3568874472331,1058,0,40
3,99,10.3568874472331,1059,0,40
3,99,10.3568874472331,1060,0,40
4,99,7.94742651399983,1061,0,31
8,99,4.33323511414993,1062,0,17
2,100,15.1758093136996,1063,0,57
2,100,15.1758093136996,1064,0,57
2,100,15.1758093136996,1065,0,57
2,100,15.1758093136996,1066,0,57
3,100,10.3568874472331,1067,0,40
5,100,6.50174995405987,1068,0,25
5,100,6.50174995405987,1069,0,25
14,100,2.78429594278569,1070,0,12
2,101,15.1758093136996,1071,0,57
2,101,15.1758093136996,1072,0,57
2,101,15.1758093136996,1073,0,57
2,101,15.1758093136996,1074,0,57
2,101,15.1758093136996,1075,0,57
2,101,15.1758093136996,1076,0,57
3,101,10.3568874472331,1077,0,40
3,101,10.3568874472331,1078,0,40
3,101,10.3568874472331,1079,0,40
3,101,10.3568874472331,1080,0,40
8,101,4.33323511414993,1081,0,17
11,101,3.34754655055451,1082,0,14
18,101,2.32535100312221,1083,0,10
2,102,15.1758093136996,1084,0,57
2,102,15.1758093136996,1085,0,57
3,102,10.3568874472331,1086,0,40
3,102,10.3568874472331,1087,0,40
4,102,7.94742651399983,1088,0,31
4,102,7.94742651399983,1089,0,31
4,102,7.94742651399983,1090,0,31
8,102,4.33323511414993,1091,0,17
10,102,3.61039683417995,1092,0,15
2,103,15.1758093136996,1093,0,57
2,103,15.1758093136996,1094,0,57
2,103,15.1758093136996,1095,0,57
2,103,15.1758093136996,1096,0,57
3,103,10.3568874472331,1097,0,40
4,103,7.94742651399983,1098,0,31
16,103,2.52613941422498,1099,0,11
2,104,15.1758093136996,1100,0,57
4,104,7.94742651399983,1101,0,31
5,104,6.50174995405987,1102,0,25
26,104,1.83110260656154,1103,0,8
26,104,1.83110260656154,1104,0,8
2,105,15.1758093136996,1105,0,57
2,105,15.1758093136996,1106,0,57
3,105,10.3568874472331,1107,0,40
4,105,7.94742651399983,1108,0,31
5,105,6.50174995405987,1109,0,25
2,106,15.1758093136996,1110,0,57
2,106,15.1758093136996,1111,0,57
2,106,15.1758093136996,1112,0,57
2,106,15.1758093136996,1113,0,57
2,106,15.1758093136996,1114,0,57
2,106,15.1758093136996,1115,0,57
2,106,15.1758093136996,1116,0,57
3,106,10.3568874472331,1117,0,40
3,106,10.3568874472331,1118,0,40
5,106,6.50174995405987,1119,0,25
16,106,2.52613941422498,1120,0,11
3,107,10.3568874472331,1121,0,40
3,107,10.3568874472331,1122,0,40
3,107,10.3568874472331,1123,0,40
2,108,15.1758093136996,1124,0,57
2,108,15.1758093136996,1125,0,57
2,108,15.1758093136996,1126,0,57
3,108,10.3568874472331,1127,0,40
4,108,7.94742651399983,1128,0,31
6,108,5.53796558076657,1129,0,22
2,109,15.1758093136996,1130,0,57
2,109,15.1758093136996,1131,0,57
2,109,15.1758093136996,1132,0,57
2,109,15.1758093136996,1133,0,57
3,109,10.3568874472331,1134,0,40
4,109,7.94742651399983,1135,0,31
5,109,6.50174995405987,1136,0,25
2,110,15.1758093136996,1137,0,57
2,110,15.1758093136996,1138,0,57
2,110,15.1758093136996,1139,0,57
3,110,10.3568874472331,1140,0,40
4,110,7.94742651399983,1141,0,31
5,110,6.50174995405987,1142,0,25
34,110,1.5694416907353,1143,0,7
12,111,3.1285046475333,1144,0,13
34,111,1.5694416907353,1145,0,7
2,112,15.1758093136996,1146,0,57
3,112,10.3568874472331,1147,0,40
3,112,10.3568874472331,1148,0,40
17,113,2.41983966717057,1149,0,10
46,113,1.34759874036089,1150,0,6
2,114,15.1758093136996,1151,0,57
3,115,10.3568874472331,1152,0,40
3,115,10.3568874472331,1153,0,40
2,116,15.1758093136996,1154,0,57
2,116,15.1758093136996,1155,0,57
3,116,10.3568874472331,1156,0,40
4,116,7.94742651399983,1157,0,31
3,117,10.3568874472331,1158,0,40
2,118,15.1758093136996,1159,0,57
3,118,10.3568874472331,1160,0,40
6,118,5.53796558076657,1161,0,22
8,118,4.33323511414993,1162,0,17
2,119,15.1758093136996,1163,0,57
4,119,7.94742651399983,1164,0,31
3,121,10.3568874472331,1165,0,40
2,122,15.1758093136996,1166,0,57
2,122,15.1758093136996,1167,0,57
2,125,15.1758093136996,1168,0,57
13,126,2.94316149882305,1169,0,12
7,127,4.84954817127135,1170,0,19
2,129,15.1758093136996,1171,0,57
2,129,15.1758093136996,1172,0,57
3,130,10.3568874472331,1173,0,40
21,132,2.09587853329047,1174,0,9
6,137,5.53796558076657,1175,0,22
9,147,3.93165829194439,1176,0,16
3,150,10.3568874472331,1177,0,40
4,150,7.94742651399983,1178,0,31
2,164,15.1758093136996,1179,0,57
